timestamp,y1(t),y2(t),y3(t),y4(t),y5(t),y6(t),y7(t),y8(t)
0.0,0.0006566688714049094,0.00012833186229954915,4.419722935372599e-5,0.0010208024280157298,0.00012437570487838117,0.0004676574122174109,3.707631659667423e-5,0.005662923683403309
0.1,0.0006845121261358485,0.0001301737347668269,4.551188604717874e-5,0.0011029408481536868,0.0001255138784959593,0.00046354448511560316,9.675880341766758e-5,0.005603241196582316
0.2,0.0007110252642338918,0.00013400512848584976,4.815523142309546e-5,0.0011810022925706628,0.00012860975558279616,0.0004683935739983868,0.0001450937403546589,0.005554906259645324
0.3,0.0007375485884531327,0.00013861229295473383,5.121805912740154e-5,0.001257352010982647,0.00013327993810721437,0.0004800872365402568,0.0001853466303946554,0.005514653369605328
0.4,0.0007644163736202342,0.0001435858054322112,5.441947000631799e-5,0.0013329321767855565,0.00013924216616588672,0.0004971280017829443,0.00021988612593800948,0.005480113874061974
0.5,0.0007917098883963808,0.00014874461151656205,5.7651811424087786e-5,0.0014082372585503733,0.0001462886466818779,0.0005184242721073726,0.0002504423004386088,0.005449557699561375
0.6,0.0008193868581763696,0.0001540312888261618,6.089774047147651e-5,0.0014835052527646317,0.00015426626113029034,0.0005431769803808691,0.0002782779580877138,0.005421722041912269
0.7,0.0008474092091328632,0.00015940928520517746,6.414985110131293e-5,0.0015589011793154738,0.00016306200075321702,0.0005707947782117796,0.0003043140000737359,0.005395685999926247
0.8,0.000875724083915746,0.00016487160359128196,6.741878950841833e-5,0.0016345124321487257,0.00017259304043180045,0.0006008462918704343,0.00032921132499361377,0.005370788675006369
0.9,0.0009043274967634859,0.00017038669967513575,7.069153330110023e-5,0.0017104501264857794,0.00018279411344394042,0.0006329914434992627,0.0003534778030427286,0.005346522196957254
1.0,0.0009331791927243125,0.0001759620732916227,7.398244441187001e-5,0.0017867426806586345,0.0001936193644593395,0.0006669986610388287,0.0003774501328875906,0.0053225498671123925
1.1,0.0009622586868686191,0.0001815972258049767,7.729717844736346e-5,0.001863422181501183,0.0002050332221144451,0.0007026931083770644,0.0004013731638422616,0.005298626836157721
1.2,0.0009915840746902926,0.00018726556835620812,8.061982786340039e-5,0.0019405595872434309,0.00021700503107963896,0.0007399258585366402,0.00042544821599393735,0.005274551784006046
1.3,0.0010211423054137204,0.00019296970009812992,8.395552565107881e-5,0.002018169620404254,0.00022951281032142557,0.000778600856883535,0.0004497975597645268,0.005250202440235456
1.4,0.0010508802974673105,0.00019874704415182698,8.733489324023422e-5,0.0020962039454778376,0.00024254068653717755,0.000818663572561554,0.0004744846990761527,0.00522551530092383
1.5,0.0010808116496003367,0.00020458390472836519,9.074901867937579e-5,0.0021746986254130864,0.00025607348386846195,0.0008600574349709158,0.000499571493009537,0.005200428506990446
1.6,0.0011110612726779566,0.00021038089855091358,9.412296196270007e-5,0.002253831344033336,0.0002700969267802317,0.0009027197531585407,0.0005251190199657269,0.005174880980034256
1.7,0.001141693584373036,0.0002160878927117883,9.741892850276646e-5,0.0023336944320423883,0.0002846011490101366,0.0009466204527904926,0.000551146284132252,0.005148853715867731
1.8,0.0011722667000379095,0.00022204783784317658,0.00010090056649212881,0.0024137268995665455,0.0002995773779000271,0.0009917927881753197,0.000577637150854418,0.005122362849145565
1.9,0.0012027336643688155,0.00022829785070497565,0.00010459669238842384,0.002493875111160564,0.0003150177513984852,0.001038232014129093,0.0006045900618350941,0.005095409938164889
2.0,0.0012335477065866529,0.00023448778085281645,0.00010823876283101743,0.00257472770128074,0.00033091566876098294,0.0010858856500227665,0.0006320204174508886,0.005067979582549094
2.1,0.001265991648528893,0.00023962551186303718,0.00011106525992869872,0.0026579373001582095,0.0003472679968109804,0.0011346325388273944,0.0006599531512855013,0.005040046848714482
2.2,0.0012984023840330926,0.00024500040309426575,0.00011406613226259427,0.0027413724797325846,0.00036406480002944286,0.0011846274102640122,0.0006883404368812672,0.005011659563118716
2.3,0.0013285434866347238,0.00025234553368986385,0.00011857201238347003,0.002822166422650232,0.00038129399240630394,0.001236072060066922,0.0007171328654815768,0.004982867134518406
2.4,0.0013583556408388474,0.0002601601980837657,0.0001234306963783687,0.0029028139861438053,0.00039895739535920574,0.0012888037740823477,0.0007463477189054693,0.004953652281094513
2.5,0.0013930757590750265,0.00026439188247601056,0.00012553074972517913,0.0029900409239551604,0.0004170680453680163,0.001342373974926557,0.00077605274289123,0.004923947257108752
2.6,0.0014277170151090197,0.0002689031676108347,0.0001278377206535794,0.0030774494372773843,0.0004356059776391786,0.00139722640073282,0.0008061597536915847,0.004893840246308398
2.7,0.0014564242224276611,0.0002782289407664931,0.00013383331656831272,0.003157527027427515,0.0004545485952342249,0.001453879215544391,0.0008365709000477137,0.0048634290999522685
2.8,0.0014876309794956569,0.00028584203369602494,0.00013850610519005403,0.0032411022829558662,0.00047392152020899484,0.0015116177473518478,0.0008673899826369389,0.0048326100173630435
2.9,0.0015249074147412251,0.00028898050548326537,0.0001397354835193079,0.003332760964863521,0.0004937343983734386,0.001570148089426076,0.0008986534090752384,0.004801346590924745
3.0,0.0015565811286759627,0.0002966828905606367,0.00014446091454682917,0.0034175234285942204,0.0005139461755357319,0.0016304911663292828,0.0009301860751363227,0.00476981392486366
3.1,0.001587789661249353,0.00030497383533049195,0.00014963016469036596,0.0035019873004574174,0.0005345726712569462,0.0016922215575228587,0.0009620443278157909,0.004737955672184192
3.2,0.0016244876929905954,0.0003092453921873044,0.00015170531087450775,0.0035937990716481097,0.0005556327372475874,0.0017548442061679247,0.0009942967936904423,0.004705703206309541
3.3,0.001657696811899349,0.0003164505228842916,0.00015602456617089095,0.0036814370563715716,0.0005770954646249424,0.0018191495444309584,0.0010268079891897544,0.004673192010810228
3.4,0.001690833666331955,0.0003239462070975559,0.000160558620379094,0.0037692899006367287,0.0005989719474149619,0.0018848635218298093,0.0010596112885474691,0.004640388711452514
3.5,0.0017270323420002468,0.000329308195978781,0.0001634461293751385,0.0038613835484820162,0.0006212725813522261,0.0019517365610479335,0.001092737815830783,0.0046072621841692
3.6,0.0017611236378747865,0.00033654049130338266,0.0001677611747459991,0.003951085818453063,0.0006439803837240243,0.002020234481279896,0.0011261042757473307,0.004573895724252652
3.7,0.0017955216844458047,0.00034377625251001063,0.000172070373855419,0.0040414985217791756,0.0006671040411831928,0.0020901720210346115,0.0011597316417595472,0.004540268358240436
3.8,0.0018319442055677742,0.00034968780066477173,0.00017535429675607562,0.00413482956379009,0.0006906501325633888,0.0021614235525287276,0.0011936333841031728,0.00450636661589681
3.9,0.001866928281738993,0.0003569582238282539,0.0001796728621014157,0.00422663696339059,0.0007146084738083702,0.0022343117187722853,0.0012277488546062888,0.0044722511453936945
4.0,0.0019020685538031882,0.00036435516697943084,0.00018407982662505283,0.00431897065298347,0.000738985920915114,0.0023087241539501684,0.0012620889904311726,0.00443791100956881
4.1,0.0019391652558082692,0.00037048712819734295,0.00018750675894934235,0.004414144474182025,0.0007637901776041516,0.0023845300235937027,0.0012966703547834344,0.004403329645216549
4.2,0.001975133611471033,0.0003777445032722697,0.00019178885404292712,0.0045082018583876724,0.0007890133309959114,0.002462022821750744,0.0013314369125582144,0.004368563087441769
4.3,0.0020107583439089843,0.0003855220172995772,0.00019646132143282192,0.004602153158421768,0.0008146604568194194,0.002541162773162651,0.0013663886344908128,0.00433361136550917
4.4,0.002048656681599868,0.00039179572633572546,0.00019997015997373855,0.004699360952969008,0.0008407427603705915,0.0026217506274148514,0.001401555322498772,0.004298444677501211
4.5,0.0020857968420636935,0.00039891506262279726,0.00020411911150870475,0.004795936734867912,0.0008672533915107633,0.002704077775090452,0.0014368823368360502,0.004263117663163933
4.6,0.002121923087495266,0.0004070803191949165,0.0002090618746073644,0.00489155536052876,0.0008941949162410215,0.0027881975626268,0.0014723542024957079,0.004227645797504275
4.7,0.002160357647080671,0.00041372181823420666,0.0002128254499735884,0.004990484401170119,0.0009215816756209262,0.0028738527407008094,0.0015080112245985891,0.004191988775401394
4.8,0.0021988901630821665,0.0004205531284292152,0.00021672538127824273,0.0050898897845403305,0.0009494102685418358,0.002961265185921238,0.0015438127941052944,0.004156187205894688
4.9,0.002235764062392514,0.00042893652926087025,0.0002218075027522359,0.005187519940640566,0.0009776792179405289,0.0030506209595312006,0.0015797213508325523,0.0041202786491674305
5.0,0.00227433592983163,0.00043627581535137525,0.0002260784464441093,0.0052876865981158015,0.0010064038425759542,0.003141663714295114,0.0016157765014830625,0.004084223498516921
5.1,0.002314314004462949,0.00044279928664180037,0.00022971341125864423,0.005390018466764155,0.001035587723168966,0.0032344511542437733,0.0016519675537100425,0.004048032446289941
5.2,0.0023523073587118715,0.00045113458218852645,0.00023472973392411068,0.005490166173510436,0.0010652248266225129,0.003329312611165284,0.0016882341476174138,0.0040117658523825695
5.3,0.0023907846909122523,0.0004593721084451235,0.0002396612323232941,0.005591300710122686,0.0010953264173435486,0.0034259985301932747,0.001724661518189262,0.003975338481810722
5.4,0.002430854799568014,0.0004666535851780098,0.00024384893913836534,0.005694845540371828,0.0011258945609977575,0.0035239415631155356,0.0017616963044954272,0.0039383036955045565
5.5,0.002471102378045008,0.0004740874690872623,0.00024814346028695876,0.005799000628259778,0.001156953637056019,0.0036240694405104295,0.0017986919562546512,0.0039013080437453325
5.6,0.002511527426343235,0.0004816737601728811,0.0002525447957690744,0.0059037659737865384,0.001188503645518333,0.0037263821623779573,0.0018356484734669343,0.003864351526533049
5.7,0.0025521299444626958,0.0004894124584348662,0.00025705294558471233,0.006009141576952109,0.0012205445863847,0.0038308797287181194,0.0018725658561322771,0.003827434143867706
5.8,0.002592909932403389,0.0004973035638732175,0.00026166790973387237,0.0061151274377564905,0.0012530764596551194,0.003937562139530915,0.0019094441042506788,0.0037905558957493047
5.9,0.0026338673901653157,0.0005053470764879351,0.0002663896882165547,0.006221723556199682,0.0012860992653295916,0.004046429394816345,0.00194628321782214,0.0037537167821778436
6.0,0.0026750870984812458,0.0005134762174331942,0.0002711670444418164,0.006329037340441367,0.0013196088547679009,0.004157543590978492,0.001983009084707078,0.003716990915292905
6.1,0.0027166718573653813,0.0005216246706626567,0.00027594862880470414,0.006437217876298647,0.0013536427685445992,0.004270992665713228,0.0020197189699196097,0.0036802810300803736
6.2,0.0027586044325339358,0.0005298092466862761,0.00028074723595563337,0.006546247491178732,0.00138821124857824,0.004386766787346769,0.002056469252306209,0.0036435307476937744
6.3,0.002800884823986908,0.0005380299455040523,0.00028556286589460396,0.006656126185081622,0.0014233142948688225,0.004504865955879112,0.0020932599318668754,0.003606740068133108
6.4,0.0028435130317242983,0.0005462867671159853,0.000290395518621616,0.006766853958007318,0.0014589519074163476,0.004625290171310262,0.00213009100860161,0.0035699089913983732
6.5,0.002886478139435897,0.0005545854761344357,0.00029524970837902187,0.006878413407080294,0.0014951157371360406,0.004747884134070929,0.002167071701173802,0.003532928298826181
6.6,0.0029297559542550227,0.0005629535442307,0.00030014624268461784,0.006990784602320074,0.0015318314440472835,0.004872720722306984,0.0022042325005009926,0.0034957674994989907
6.7,0.002973362878358377,0.0005713898042564066,0.0003050838478106559,0.007104003197103914,0.0015691340945207367,0.005000245960974745,0.002241301413754454,0.003458698586245529
6.8,0.003017298911745959,0.0005798942562115555,0.00031006252375713586,0.007218069191431814,0.0016070236885563998,0.005130459850074209,0.0022782784409341858,0.0034217215590657975
6.9,0.003061564054417769,0.0005884669000961468,0.0003150822705240579,0.007332982585303773,0.0016455002261542733,0.005263362389605379,0.0023151635820401885,0.003384836417959795
7.0,0.003106158306373807,0.0005971077359101803,0.00032014308811142197,0.0074487433787197915,0.0016845637073143566,0.005398953579568252,0.002351956837072461,0.0033480431629275224
7.1,0.003151081667614073,0.0006058167636536561,0.00032524497651922803,0.00756535157167987,0.0017242141320366502,0.005537233419962828,0.002388658206031004,0.0033113417939689793
7.2,0.0031963369601905292,0.0006145903233022122,0.0003303851705012251,0.007682808975116866,0.0017644455849003058,0.005678257313149037,0.0024251976962106083,0.003274802303789375
7.3,0.0032419445703956045,0.0006234302018126856,0.00033556447662296115,0.007801163834715211,0.00180531675841151,0.005822225706635766,0.0024616464135758407,0.0032383535864241426
7.4,0.003287906709440634,0.0006323375028368244,0.00034078365224924826,0.007920422516897932,0.0018468372879119465,0.005969153902753501,0.002498030660295299,0.0032019693397046843
7.5,0.0033342233773256172,0.0006413122263746286,0.00034604269738008626,0.008040585021665027,0.0018890071734016145,0.006119041901502238,0.0025343504363689825,0.003165649563631001
7.6,0.0033808945740505547,0.000650354372426098,0.0003513416120154753,0.008161651349016499,0.0019318264148805147,0.006271889702881979,0.0025706057417968914,0.003129394258203092
7.7,0.003427919813196044,0.0006594638753990391,0.0003566803600332504,0.008283620324358625,0.0019752934725371088,0.006427678537201793,0.0026068076626354097,0.0030931923373645736
7.8,0.003475297233043803,0.0006686417652228451,0.00036205974606534196,0.00840648907997737,0.002019406185093437,0.006586158568653668,0.002643173071908802,0.0030568269280911815
7.9,0.0035230492240156098,0.0006778922512638756,0.0003674823088384229,0.008530313196127275,0.0020642388991439016,0.006748028419695712,0.0026793537310491776,0.0030206462689508057
8.0,0.003571175786111464,0.0006872153335221303,0.0003729480483524933,0.008655092672808338,0.002109791614688501,0.00691328809032792,0.0027153496400565357,0.0029846503599434476
8.1,0.003619676919331366,0.0006966110119976092,0.00037845696460755306,0.00878082751002056,0.002156064331727235,0.0070819375805502936,0.002751160798930876,0.002948839201069107
8.2,0.0036685526236753152,0.0007060792866903123,0.00038400905760360227,0.00890751770776394,0.0022030570502601047,0.007253976890362833,0.0027867872076722,0.0029132127923277833
8.3,0.0037178028991433133,0.0007156201576002399,0.000389604327340641,0.009035163266038482,0.0022507697702871103,0.007429406019765542,0.0028222288662805074,0.002877771133719476
8.4,0.003767425152477962,0.0007252329957373746,0.00039524237317829726,0.00916375761182249,0.0022991923344090025,0.007608204548258524,0.002857467778245917,0.002842532221754066
8.5,0.003817438906616219,0.0007349214187641747,0.00040092537670113334,0.009293349037497546,0.0023483928118289824,0.007790660869986642,0.002892525772462193,0.00280747422753779
8.6,0.0038678503444812104,0.0007446866547798514,0.00040665409033907823,0.009423952925122183,0.0023983933792468427,0.007976856392860249,0.002927418140291137,0.0027725818597088463
8.7,0.003918659466072937,0.0007545287037844046,0.000412428514092132,0.009555569274696403,0.0024491940366625827,0.008166791116879343,0.002962144881732748,0.0027378551182672354
8.8,0.003969866271391398,0.0007644475657778344,0.00041824864796029466,0.009688198086220207,0.002500794784076204,0.008360465042043927,0.002996705996787027,0.002703294003212956
8.9,0.004021470760436593,0.0007744432407601406,0.0004241144919435661,0.009821839359693588,0.0025531956214877045,0.008557878168353995,0.0030311014854539735,0.00266889851454601
9.0,0.004073469386193309,0.0007845150838819466,0.0004300256595604548,0.00995648437239835,0.002606383792227949,0.008758788957048683,0.0030655020442549577,0.002634497955745026
9.1,0.004125886502297744,0.0007946678045061255,0.0004359850165022343,0.010092193462956764,0.0026604459758948593,0.008963792957823218,0.003099699856530875,0.0026003001434691084
9.2,0.0041787259774992945,0.0008049021423200942,0.00044199301166107684,0.01022897620316831,0.0027153959692878694,0.009173016560899179,0.0031336330767107665,0.002566366923289217
9.3,0.004231987811797963,0.000815218097323853,0.0004480496450369826,0.010366832593032988,0.0027712337724069805,0.009386459766276573,0.0031673017047946328,0.0025326982952053505
9.4,0.004285672005193745,0.0008256156695174013,0.0004541549166299513,0.010505762632550798,0.0028279593852521905,0.009604122573955393,0.003200705740782472,0.002499294259217511
9.5,0.004339778557686644,0.0008360948589007395,0.0004603088264399831,0.01064576632172174,0.0028855728078235002,0.00982600498393564,0.003233845184674286,0.0024661548153256975
9.6,0.004394304179168593,0.0008466550275349528,0.0004665109849010124,0.01078683552701141,0.0029440618204294882,0.01005204169302544,0.0032667352890709458,0.0024332647109290375
9.7,0.004449269723029253,0.0008573001840746595,0.00047276383086509657,0.010929021830493432,0.003003502272342195,0.01028255973166352,0.0032993866607886157,0.0024006133392113676
9.8,0.004504683937685824,0.0008680320145550088,0.00047906839125135925,0.011072346868147861,0.0030639261832336837,0.010517707109740348,0.0033317903954397324,0.002368209604560251
9.9,0.004560546823138303,0.0008788505189760004,0.00048542466605980023,0.011216810639974692,0.0031253335531039516,0.010757483827255918,0.0033639464930242955,0.002336053506975688
10.0,0.00461685837938669,0.0008897556973376345,0.0004918326552904197,0.011362413145973926,0.0031877243819529995,0.011001889884210232,0.0033958549535423044,0.002304145046457679
10.1,0.004673618606430988,0.0009007475496399111,0.0004982923589432174,0.011509154386145566,0.003251098669780828,0.011250925280603292,0.00342751577699376,0.0022724842230062233
10.2,0.004730823920061237,0.0009118253868848959,0.0005048033590414392,0.01165702550201093,0.0033154434725203266,0.01150437176521394,0.0034590796411943926,0.0022409203588055907
10.3,0.004788501266533798,0.000922994399061914,0.0005113688118445877,0.011806093107689134,0.0033808562493714066,0.011762820354793277,0.003490382720238785,0.0022096172797611982
10.4,0.004846655481600415,0.000934255517230716,0.0005179892833153933,0.011956369157176832,0.0034473544855050577,0.012026411639591858,0.0035213637455506546,0.0021786362544493286
10.5,0.004905286565261088,0.0009456087413913019,0.0005246647734538564,0.012107853650474027,0.00351493818092128,0.012295145619609685,0.0035520227171300014,0.0021479772828699815
10.6,0.004964394517515815,0.0009570540715436719,0.0005313952822599766,0.012260546587580719,0.0035836073356200746,0.012569022294846757,0.003582359634976826,0.002117640365023157
10.7,0.0050239793383646,0.0009685915076878257,0.0005381808097337542,0.012414447968496908,0.003653361949601441,0.012848041665303078,0.0036123744990911285,0.002087625500908855
10.8,0.005084038226219649,0.000980220510057647,0.0005450210274430108,0.012569550866066991,0.0037241919262605864,0.013132103339359458,0.0036421262413729805,0.002057873758627003
10.9,0.005144598917732997,0.0009919464200551008,0.0005519191833981181,0.012725923850923228,0.003796197676052963,0.013421663990903701,0.003671594300396128,0.0020284056996038554
11.0,0.005205666355604245,0.0010037701895882786,0.0005588758564920178,0.012883579142698868,0.003869397080357676,0.013716819144046368,0.003700760192488757,0.001999239807511226
11.1,0.005267240539833395,0.0010156918186571802,0.0005658910467247103,0.013042516741393912,0.003943790139174725,0.01401756879878746,0.0037296239176508685,0.0019703760823491148
11.2,0.005329321470420446,0.0010277113072618056,0.0005729647540961952,0.01320273664700836,0.00401937685250411,0.014323912955126975,0.0037581854758824617,0.0019418145241175216
11.3,0.005391908415949774,0.0010398285145069603,0.0005800968930994084,0.013364237049734114,0.00409615463756682,0.014635830110340392,0.003786454744639577,0.0019135452553604064
11.4,0.005455003662496778,0.001052043880408505,0.0005872877323075469,0.013527023587336028,0.004174131958121836,0.014953176096465216,0.0038145997362150717,0.0018854002637849118
11.5,0.005518637510511659,0.0010643632415227042,0.0005945408152333282,0.013691171217757018,0.00425341616791801,0.015276648993194556,0.0038423925840592745,0.001857607415940709
11.6,0.005582809959994417,0.0010767865978495586,0.0006018561418767525,0.01385667994099708,0.004334007266955337,0.015606248800528414,0.0038698332881721854,0.0018301667118277981
11.7,0.005647521010945051,0.0010893139493890678,0.0006092337122378198,0.014023549757056221,0.00441590525523382,0.015941975518466787,0.0038969218485538043,0.0018030781514461792
11.8,0.005712770663363564,0.0011019452961412318,0.0006166735263165301,0.014191780665934439,0.00449911013275346,0.016283829147009685,0.003923658265204132,0.0017763417347958516
11.9,0.005778555935797613,0.0011146800637083405,0.0006241752356906006,0.01436136528210954,0.004583611555320978,0.016631737269511306,0.003950070538230618,0.0017499294617693655
12.0,0.0058448914220893084,0.0011275210634241204,0.0006317405465350781,0.014532339723935932,0.004669460891047265,0.01698584522837423,0.003976233506564233,0.00172376649343575
12.1,0.005911799183209876,0.0011404725453234448,0.0006393720373884097,0.014704758619844084,0.004756735128545062,0.01734656139110885,0.004002069145739583,0.001697930854260401
12.2,0.005979279219159314,0.001153534509406314,0.0006470697082505954,0.014878621969833998,0.004845434267814369,0.017713885757715174,0.004027577455756666,0.001672422544243318
12.3,0.006047331529937624,0.0011667069556727276,0.0006548335591216354,0.015053929773905676,0.0049355583088551876,0.0180878183281932,0.0040527584366154825,0.001647241563384501
12.4,0.006115956115544805,0.0011799898841226856,0.0006626635900015294,0.015230682032059113,0.005027107251667514,0.018468359102542922,0.004077612088316033,0.0016223879116839506
12.5,0.006185148988733996,0.0011933825261725753,0.0006705593362163785,0.015408868840765666,0.005120067892692292,0.018855308905011102,0.004102273604643437,0.0015977263953565466
12.6,0.006254942245419394,0.0012068910663265158,0.0006785245446523015,0.015588569761300922,0.005214549557618408,0.01924922933193713,0.004126647921590261,0.0015733520784097217
12.7,0.006325343573059907,0.0012205169859757332,0.0006865601124446359,0.01576980385722116,0.005310578289251561,0.01965030364672117,0.004150665787171869,0.0015493342128281144
12.8,0.006396352971655536,0.0012342602851202278,0.0006946660395933819,0.015952571128526383,0.0054081540875917525,0.020058531849363223,0.00417432720138826,0.001525672798611724
12.9,0.006467970441206278,0.0012481209637599992,0.0007028423260985391,0.01613687157521659,0.005507276952638981,0.020473913939863277,0.004197632164239433,0.0015023678357605512
13.0,0.006540195283412803,0.0012620988873052763,0.0007110888905393496,0.01632270346282217,0.005607944580304003,0.02089643424979145,0.0042205864464698855,0.0014794135535300978
13.1,0.006613031241336121,0.0012761947768933518,0.0007194061702032131,0.016510076053198375,0.005710170045690737,0.021325998900730274,0.0042433367269893935,0.0014566632730105891
13.2,0.006686513089358183,0.0012904153346417584,0.0007277982205216137,0.0166990756880324,0.0058140687578473495,0.02176322407687796,0.004265759479270649,0.0014342405207293343
13.3,0.00676064082747899,0.001304760560550496,0.0007362650414945514,0.01688970236732425,0.005919640716773841,0.022208109778234522,0.00428785470331365,0.0014121452966863325
13.4,0.0068354144556985385,0.0013192304546195642,0.0007448066331220265,0.017081956091073918,0.006026885922470208,0.022660656004799943,0.004309622399118398,0.001390377600881585
13.5,0.0069108339740168315,0.0013338250168489635,0.0007534229954040385,0.017275836859281406,0.0061358043749364525,0.023120862756574226,0.004331062566684892,0.0013689374333150912
13.6,0.006986894690076252,0.0013485433424501828,0.0007621135823822571,0.017471332985285616,0.006246381282725732,0.023588542579950696,0.004352293845108594,0.0013477061548913885
13.7,0.00706362960746339,0.0013633917934484576,0.0007708822388312626,0.017668526516003105,0.006358723417202486,0.02406419004641092,0.004373273084012159,0.0013267269159878236
13.8,0.007141050589730643,0.0013783726569191932,0.000779730346358184,0.017867446958256285,0.006472868904328672,0.024548059522603374,0.004393911214694231,0.0013060887853057522
13.9,0.007219157636878009,0.001393485932862389,0.0007886579049630208,0.018068094312045153,0.006588817744104286,0.025040151008528046,0.004414208237154808,0.0012857917628451747
14.0,0.007297950748905489,0.0014087316212780452,0.0007976649146457734,0.01827046857736971,0.0067065699365293305,0.025540464504184943,0.004434164151393891,0.001265835848606091
14.1,0.007377428790638901,0.0014241095032803907,0.0008067512433357644,0.01847456692573582,0.006826121941948066,0.026048974820857163,0.004453788907121819,0.0012462110928781638
14.2,0.007457597725530488,0.0014396207283853438,0.0008159175858808114,0.018680404171809946,0.006947493212164509,0.026565598300719664,0.004473244070433918,0.0012267559295660651
14.3,0.007538495215790919,0.0014552725583463842,0.0008251683249705062,0.018888074118558425,0.007070801943393487,0.027090979216305617,0.004492389057316779,0.0012076109426832037
14.4,0.007620121261420193,0.001471064993163512,0.0008345034606048485,0.019097576765981242,0.007196048135634996,0.02762511756761501,0.004511223867770403,0.0011887761322295798
14.5,0.00770247586241831,0.001486998032836727,0.0008439229927838386,0.0193089121140784,0.007323231788889038,0.028168013354647855,0.00452974850179479,0.0011702514982051937
14.6,0.007785559018785269,0.0015030716773660295,0.0008534269215074763,0.019522080162849908,0.007452352903155612,0.028719666577404147,0.004547962959389938,0.0011520370406100447
14.7,0.007869366154489377,0.001519285044016966,0.0008630147154752063,0.019737069474281124,0.007583397924410691,0.029279874326558833,0.004566005904901544,0.0011339940950984397
14.8,0.007953937195680024,0.001535645832407439,0.0008726910163877448,0.01995397962016801,0.007716488992179389,0.029849226067645673,0.004583805467629099,0.0011161945323708846
14.9,0.008039281979214746,0.0015521559396463754,0.0008824569675709747,0.020172835143016186,0.007851656020315968,0.030427921341132952,0.00460129160528705,0.0010987083947129332
15.0,0.008125400505093548,0.0015688153657337754,0.0008923125690248962,0.02039363604282565,0.007988899008820433,0.031015960147020676,0.004618464317875398,0.0010815356821245858
15.1,0.008212292773316428,0.0015856241106696391,0.0009022578207495094,0.020616382319596404,0.008128217957692781,0.03161334248530885,0.004635323605394141,0.0010646763946058418
15.2,0.00829995507542339,0.0016025814591120948,0.0009122922921146192,0.02084106470420323,0.008269601931872435,0.03221998258628947,0.004651907813195507,0.0010480921868044767
15.3,0.008388406254510872,0.001619691045288311,0.0009224181725914502,0.02106773023029601,0.00841310766242997,0.03283599253618985,0.004668340688270224,0.0010316593117297593
15.4,0.00847767908152489,0.0016369591902079639,0.0009326392684826725,0.02129646076577372,0.008558832541977496,0.03346191933275336,0.004684490966716696,0.0010155090332832877
15.5,0.008567773556465446,0.001654385893871054,0.000942955579788286,0.021527256310636365,0.008706776570515018,0.03409776297598,0.004700358648534921,0.0009996413514650618
15.6,0.008658689679332539,0.0016719711562775811,0.000953367106508291,0.02176011686488394,0.008856939748042534,0.034743523465869786,0.004715943733724901,0.0009840562662750817
15.7,0.00875042745012617,0.001689714977427545,0.0009638738486426872,0.02199504242851645,0.009009322074560044,0.03539920080242271,0.004731246222286636,0.0009687537777133471
15.8,0.008842984075887041,0.0017076168182197234,0.0009744754828114919,0.022232025983088575,0.009163915972008212,0.036064577773423825,0.0047464425504798275,0.0009535574495201556
15.9,0.008936408751214034,0.0017256861689835161,0.0009851777182900276,0.022471190578453412,0.009320864205083901,0.03674040307579461,0.004761393051437801,0.0009386069485621816
16.0,0.00903070614777232,0.0017439239309854045,0.0009959810971556923,0.022712547903750182,0.009480180266810837,0.03742676912706649,0.004776063899392329,0.000923936100607654
16.1,0.0091258762655619,0.001762330104225389,0.0010068856194084866,0.022956097958978888,0.00964186415718902,0.03812367592723947,0.004790455094343411,0.0009095449056565726
16.2,0.00922191910458277,0.0017809046887034684,0.0010178912850484097,0.023201840744139522,0.009805915876218445,0.038831123476313525,0.004804566636291045,0.0008954333637089381
16.3,0.009318828704423602,0.0017996465343285192,0.0010289974030300618,0.023449761320129676,0.009972318709961733,0.039548962722143366,0.004818474205928602,0.0008815257940713811
16.4,0.009416639593933955,0.0018185623029101554,0.0010402079784991925,0.023699946136522588,0.01014117110003376,0.04027754621383705,0.004832239817117648,0.0008677601828823341
16.5,0.009515377536443166,0.0018376569653037566,0.0010515259992650416,0.023952459725539867,0.010312545997320689,0.041017295043443355,0.004845754941332591,0.0008542450586673918
16.6,0.009615042531951232,0.0018569305215093226,0.0010629514653276086,0.024207302087181498,0.010486443401822513,0.04176820921096225,0.004859019578573428,0.0008409804214265546
16.7,0.00971563458045815,0.0018763829715268525,0.0010744843766868932,0.02446447322144748,0.010662863313539222,0.04253028871639371,0.00487203372884016,0.0008279662711598231
16.8,0.009817153681963927,0.0018960143153563473,0.0010861247333428963,0.024723973128337823,0.010841805732470833,0.04330353355973779,0.004884797392132787,0.0008152026078671961
16.9,0.009919600243827695,0.0019158246312800584,0.001097872583298732,0.024985802791367046,0.011023272367066657,0.044087731195867765,0.004897520099930475,0.0008024799000695071
17.0,0.010023031751698993,0.0019358250121224837,0.0011097345890029532,0.02525010635464936,0.011207422709031422,0.044883767979402044,0.004910000313226892,0.0007899996867730903
17.1,0.010127448444081092,0.001956015503908227,0.0011217107780941535,0.025516884416388115,0.011394257417626135,0.04569164851758502,0.0049222362994476975,0.0007777637005522847
17.2,0.010232850320973989,0.001976396106637287,0.0011338011505723329,0.025786136976583298,0.011583776492850785,0.04651137281041667,0.0049342280585928915,0.0007657719414070907
17.3,0.01033923738237769,0.0019969668203096654,0.001146005706437492,0.02605786403523493,0.011775979934705388,0.04734294085789704,0.0049459755906624756,0.0007540244093375074
17.4,0.010446602367958474,0.0020177262436856013,0.0011583236048944645,0.026332047355840656,0.011970848180509107,0.04818616654000685,0.004957578296626103,0.0007424217033738798
17.5,0.010554991872287747,0.0020386833686893663,0.0011707602439851618,0.026608803863535525,0.012168508597188137,0.04904157003615107,0.004969055998674399,0.000730944001325583
17.6,0.010664428665238056,0.0020598425896259194,0.0011833182613055387,0.02688819071467214,0.01236902314338389,0.04990951046036439,0.004980316043793766,0.0007196839562062168
17.7,0.010774912746809397,0.0020812039064952606,0.001195997656855595,0.027170207909250496,0.012572391819096355,0.050789987812646785,0.004991358431984201,0.0007086415680157819
17.8,0.010886444117001778,0.002102767319297391,0.0012087984306353313,0.027454855447270606,0.012778614624325552,0.05168300209299831,0.0050021831632457055,0.0006978168367542772
17.9,0.01099902205754335,0.0021245326893991287,0.0012217204994875532,0.027742131523888342,0.012987689640750847,0.05258854038232154,0.005012794786255708,0.000687205213744274
18.0,0.011112649592285747,0.002146500600145215,0.0012347642141475703,0.028032043701345585,0.013199625452143891,0.053506428593420134,0.005023394116182029,0.0006766058838179528
18.1,0.011227391156714615,0.0021686834879122274,0.001247937035192128,0.028324753856080857,0.013414594635115067,0.05443760708549552,0.00503378355342991,0.0006662164465700714
18.2,0.011343246750829952,0.0021910813527001643,0.0012612389626212262,0.028620261988094146,0.013632597189664364,0.05538207585854767,0.005043963097999352,0.0006560369020006301
18.3,0.011460216374631762,0.002213694194509028,0.0012746699964348658,0.028918568097385477,0.013853633115791799,0.05633983491257665,0.0050539327498903535,0.0006460672501096282
18.4,0.011578300028120039,0.002236522013338816,0.0012882301366330458,0.029219672183954826,0.014077702413497355,0.05731088424758239,0.005063692509102916,0.0006363074908970664
18.5,0.011697489030009724,0.0022595631334694725,0.0013019183785877408,0.029523552412430355,0.014304782304259193,0.058295037734113764,0.0050733281481547265,0.0006266718518452558
18.6,0.011817831926023864,0.0022828269249830155,0.0013157403415163362,0.02983033080741982,0.01453500136852928,0.05929279733884282,0.005082883672179819,0.0006171163278201633
18.7,0.011939360508515249,0.0023063195244388997,0.0013296997050707277,0.030140087302539535,0.014768443502723197,0.06030463078272427,0.005092252841007255,0.0006077471589927265
18.8,0.012062074777483885,0.002330040931837127,0.001343796469250916,0.030452821897789514,0.01500510870684096,0.061330538065758194,0.005101435654637037,0.0005985643453629447
18.9,0.012185974732929766,0.0023539911471776955,0.0013580306340569004,0.030768534593169746,0.015244996980882554,0.06237051918794451,0.005110432113069163,0.0005895678869308185
19.0,0.0123110603748529,0.002378170170460607,0.0013724021994886819,0.031087225388680244,0.015488108324847994,0.06342457414928329,0.005119242216303634,0.0005807577836963474
19.1,0.012437325259466794,0.0024025767576579026,0.0013869104203373655,0.0314088780507579,0.01573442622237735,0.06449245481825014,0.005128035425016302,0.0005719645749836793
19.2,0.012564845035069477,0.0024272255112824694,0.0014015640494048185,0.031733682885151146,0.015984148033950173,0.0655751345744536,0.005136686019024658,0.0005633139809753231
19.3,0.01269362789904897,0.0024521180137132568,0.0014163640351107043,0.032061660516933495,0.016237295105220442,0.06667274168533255,0.005145158476806659,0.0005548415231933228
19.4,0.012823673851405263,0.002477254264950263,0.0014313103774550218,0.03239281094610491,0.01649386743618814,0.0677852761508869,0.005153452798362303,0.000546547201637679
19.5,0.012954982892138365,0.0025026342649934895,0.0014464030764377719,0.03272713417266542,0.01675386502685328,0.06891273797111676,0.00516156898369159,0.0005384310163083913
19.6,0.013087553554777297,0.002528257730763555,0.0014616419624081782,0.03306462650549913,0.017017284102211833,0.0700551243929958,0.005169494681489361,0.0005305053185106213
19.7,0.013221407372055984,0.0025541288187862364,0.0014770295270904678,0.03340534212431577,0.017284181010494188,0.0712127398216675,0.005177176048951919,0.000522823951048063
19.8,0.013356592727211087,0.002580256868663546,0.0014925713683468815,0.033749402794403104,0.017554681082883227,0.07238590001575254,0.005184820186437299,0.0005151798135626829
19.9,0.013493109620242591,0.002606641880395482,0.001508267486177418,0.0340968085157611,0.01782878431937893,0.07357460497525084,0.0051924270939455,0.0005075729060544816
20.0,0.013630958051150511,0.002633283853982046,0.0015241178805820786,0.034447559288389794,0.018106490719981317,0.0747788547001625,0.005199996771476523,0.0005000032285234587
